Name,Sequence upstream of the manipulation site (>100bp),Reference sequence   
Cgl0006_1176_G_A_sub,gtttccgctctgcgctgacctccctgatgaaccgctacgcacgtgagcacaagcttctgaaagaaaaggaagcaaaccttaccggtgacgactgtcgtgaaggcctgtccgcg,G
Cgl1436_1113_CAA_del,ACGACCACAAGAATTCCAAAACACCCGTTGACCAGGACAAATCCTCACCAGCGACCAGGGCAGCTAAAGCCACATGGAACGCCACGATGCTGGCTGCATCATTAAACAGACCCTCCGTCTG,CAA
Cgl2342_213_GCA_ins,agaacacatgagctccacgctcgcacgaaaagcttcaggcgacggttccgaaaagaagaagcctggcttgtttagacgtgcgcttcgtttcctcacccacccacctcacaaacaggtagacaacagccttgcggatatccgtgaaggattaggcctcggggtggacgattcccacgaaggatccaaacccagcaacgatcattctttgctgcatgaaaag,-
Cgl1790_1647_TCC_sub,GTGCTCAAATCCGCAACCATTTTCGCTACATCGACCTCGATGTAGTTACGCTCTGGATCTTTCACCAGTGCTTGCTGTACCAACGTAGTTTTACCCGAACCAGCAGGACCCACAAGCATGACATTAGAAATCTCTGGACGCATCAGCGCGGCCATAATCTTATT,GAC
Cgl1386_327_18to15_sub,atggcgtcaatcgtctttgaaaacgtcacacgcaaatactctccgggcgcacgcccggccgtcgacaagcttaatttggaaatcgccgacggcgagttcctagttctcgttggaccctcaggctgtggaaagtccacttctttgcgcatgctggctggtcttgagcctatcgacgagggacgtctactcattgatggtaaagacgccacggaactgcgtccgcaggatcgtgacatcgctatggtcttccagagctacgcgctgtacccgaatatgactgttcgggacaacatgggctttgcgctgaagaatcagaaggtggctaag,gctgagatcgaaaagcgt
Cgl0591_-1_Ppgk_promoter_ins,ggcgatgatcggtaaaatcctcggcgcgcagatattgttcttgctgctctaaggtgatttttgggcagtggtgggggtggtgtccacccctgcgcgtaacctgggaagc,-
Cgl0141_cds_del,ATCACAACAGTCCCAATGACCTCAAAATCGGCCCCTTCTAGAATCGCCTCTCAGGGCCTTTGAGCGCTAAATTGGGGCAACAGGTCACTGCGTACAAAGAGGGCCTTAAATCGGCTCACATCAAGTCGTGCCAAAA,CTACATGCGATTCTTGGTGCGCGCAGTGGCAGGAGCGGTCCATGGATCCTCCGGCCACGGGTGTTTGGGGTACCGGCCCCGCATTTCTGCACGGACTTGGCTGTACGGGCCAGACCAGAAACTACGCAGGTCATCGGTAACTGCAAGAGGTCTTCCCGCAGGTGACAGGAGATGAAATTGCACCGGGATTCCGCAGAGCTGCGGGGATTCTTCTAATCCGAAGCATTCTTGTAATTTCACTCGTATAACTGGCCTGCCTGATGAATAATCTAGTCGGTGCTGATTCCCGCTGGGTACGGATAGGTGGGAAGGAGCGAATTCTTCAAAGTTGGTTGCTTCAGGCCAGGGGAGAAGTCGCTGGAGTGCGGGATACATATCGATATTGTTTAGTCGTGTTCCGTGGCTGAGCGCCTCAATTTCTGGAGATAACCACAGGTGCGGGTCCGCAGTTTCAATATCTGGCCAGGGTTCGCCACGGTGTTCGTGGATGAATTTCAGTCGGTCACGCAAGGATGCCGCTTTGTCGGAGAAGTGGAATAGGTCGATTCCGCCTTTGGCAAGGGCTGTGGCGATTGTTTCCGAGGCTTCGGCGGGTGTTGGTTTTGTCGGAGTGGAACTTAATTCGATCGCGCCTGCTGCTTTGACCTTCCGGGCTTGGACTTTTCCGTTGACAAAAATCGCGCGGGTTTCTTCCACGACTCCGATGATGTCTATGGCATCGTCCTCTGAAATGCGGGCGGCGGCGCGGATGATGGCAGAATTTTGTGAGCGGTTAATTGCAGCAACGGAGATCCATTCGGCATCTTTGAGATCTGAATCCATGAGGCGTGCGCGGGTTCCACTGGCTAAAAGGTATTCTCCATTGTCTATTTTTCGGCCGATGAGCTGCGGGAATGCAGCGCCTACGATTTGCCCCGCACTCGCTTTTCCAACCGACGCAGGTGCCAAACGGCGAAGGCGTTCCACTTCACGCTTGTCGGGTTGTTGCTTTTCGACGTCCCCCTGCGGGTTTTCGGACACCACCGCCAAGATTTTTGCGGATTGTTCACCGAAGCGGAGGAGAGAAGCGCTGAGTTGAGGGCAGAGGGGAAGCGTCGATAAGCGATGTCCCAGGCTCGTGATAGCGTCACCTTCAAGCGCGCCGATGAGGCGCAGGATCTGTTGTGCAGCCGTCCAGGCTGCGTGAGGGGGTTGATCAAGAAGCGGTAAATCCGCAGGTGACGTTCCCCATTGGGCGAGCCAGAGGGCTGCTTGGGTGAGGTCAGCGGAGCTGATTTCTGGTGTCACAAATCGTGGGAAGTGGGAGAAGTCTTCTTCGGAATAGCATCTGATTATTTGTCCTGGTCCTTCACGGCCAGCGCGACCTGCGCGTTGGCCTGCTGAAGCCTGCGCGCAACTGCTGGTGATCAGTCCTGTCATGCCGCGGGCAGAGTCTCGTTTGGGGCTTCGTGAGAGGCCGGAATCCACCACGATGCGAACTCCAGGCACAGTTAGGGAGCTTTCCGCAACGGGAGTGGAGACAATGATGCGCTGCTGTTGTGACGGTGCGAGGGCGCGGTCTTGTTCGGTCGGGCTGAGTTGGCCATGAAGTGGGAAAACATTATTATGGCCGAGCGATTTGAGCGTGCTCATTACTCGATCAATTTCACGCACACCTGGGACGAAAATGAGTGCAGAGTGCTCTGAATGTGTCACCGCATCGTGAGTTTTCTGCGCCATGTGGTCGAGGAAATCCCAGTCGACACCTTTTGCATTGAGGCGAGGCGCGCGGGCTGGAGCATAAGAAATGTCTAAGGGGAAAATCGGTGCTTCAACACTAAGGACCTGAGCGTCTAATAAGTTTGCGAATTTATCTGAATCTAAGGTTGCGGACATGGCGATGAGGGAGAAATCGTCGCGCAGTTGACTGAGTTCAGCAAGCATTCCTAGCAGTAGATCGGAATCGAGTTGACGTTCGTGGACTTCATCGATAATCACAGCGCCGATGCCGGGTAATTCTGGGTTGTTTAAGAGCTGGCGGATTAACACACCGGGGGTCATAAATTGCACGTGGGAGCCTGAAATATGTTCACCACGCACGCTGAATCCCACTTTTGTTCCGAGCTGGCTATCATCTAGTTGGGCGAGTCTGCGAGCTGCTGCTCGGACGGCCACACGACGAGGTGCCGTTACTAAAACCTTGGTTGGGGTGGCATTTCCCGCTCCTTCATTACATAAGATGTTAGCTACTAATGGGGGGAGAAGTGTCGTTTTTCCTGTGCCGGGAGGGGCCTGAATGACAAGGTTTTTAGGTCCGGCCGAAAAAGCTTCTTGCAGGTGAGGGATAATATTTTCTACGGGCAGGCCCGTGGAAATGCGATTTATAAGAAAATTGCCAATTCTTGAACTCAT
153019_ecoil_ybeL_ins,ttgttaggagccaccacagacccgtagattcttgggcggtgtggtgaatccttgccctggaaccttgcgggagactctcagaaatgagtcattggggcttggggtgtggtgaaacgcaaacatccgtccccggaccgcggtaaaaggccgattttgatcgaaaattcctgctaatccgacattgaaatacaaatactcgttc,-
Cgl0851_ecoli_pgi_sub,caaacatcaacagttgggaagtagtgaacttcctcttcaacgacggaagcgcaaacgcagcaaccgcgaacatagcagtcgggatcatgcccaacacaccaataagagaagcactaacccctaaatcatcccgaatctcagaaaccagcggagctaaagcagtaatagctgttcgcagattgaacgaggtcaggatgatagcggccagtgctatgaggcgaggattcttcacgcccctgaccctataagcaagcga,ctacctatttgcgcggtaccacttaatcagtgaatcagtggaagaatctcccgagtcaacatcctcttcaccagagacagccggagcgaggtcatttgcctgctgtttgcccagttcaacaccccattggtcgaaggagttgatgtcccaaatcacgccctgaaccatcacgatgtgttcgtacaaagcgatcaacgcaccgagaatagaaggggtaagttcctccgccaaaatggtggtggttgggcgattacctggcatgaccttgtggttgaccagctcaggtgcgacaccttccgcagcgatctcttcagcgttcttaccgaaagccaaaaccttggtctgtgcgaagaagttgctcatcaaaaggtcatgcatggtgcgctcaccggcaggaagatcctgctttggacgagcgaaaccaatgaaatcagctggaacaaggcgagtgccctggtggatcagctggaagaaagcgtgctggccatttgtgccaggctcaccccagtaaatttcgccagtgccagtggaaacaggggagccgtcgcggtggactgacttgccatttgattccatggtcagctgctggaggtaagcagcaaaacggctgagatcctcggaataaggtaggacagcgtgggtttctgcaccatagaaatcggagtaccagacaccgagcagagccatcaagattggaacgttctcttcgaacttggtggtgcggaagtgttcatccatcgcgtggaatccaccgaggaaacgcatgaagtcgcgagggccgatcactgccatgagggaaagaccaactgcggagtccacggagtaacgacctccgacccagtcccagaagccgaacatgttgtccgtgtcgataccgaactctgcgaccttttcagcattggtggacactgcgacgaagtgcttcgcgacagcctcttcaccgagcttctctaccagccaagcacgagctgcacgagcgttggacagcgtctcctgggtggtgaaagttttcgaagcgatcacgaacaatgtggattctgcatcgaggtcttccaacacagaaacgaggtctgctgggtcgacgttggagacgaattctgctgagataccagcggtcgcgtatgcacgcagagccttcgtagccatggctggtccgaggtcagagccaccgataccaatgttgacgatcttcttgatcgtgtggccggtgtgtcccaaccagttgcctgagcgcagcgcagtagcgaagtcacgcatgcgtcccaaaacttcgtggacatcagcagcaacatcttggccatctactgacagatcagcttcggcaggaaggcgcagcgcggtgtggaggacagcgcggtcttcggtgttgttgaggtgttcaccggcaaacatcgcgtcaatgcgttcgcgaaggccagattcttcggtcagtgcaaggagcttggtgagggtggcgtcgtcaagcagattcttcgacaggtcgacgtggaggccagccgcggagaaggtgtacttctcggcgcggttttcttccttgaaaagttcacgcagagtggttgcctggaagtttgagtaatgatcggtcaggtcttgccaaacctgggtggtcgaaatgtccgccat
