Name,Sequence upstream of the manipulation site (>100bp),Reference sequence,Inserted sequence,Manipulation type,crRNA
Cgl0006_1176_G_A_sub,gtttccgctctgcgctgacctccctgatgaaccgctacgcacgtgagcacaagcttctgaaagaaaaggaagcaaaccttaccggtgacgactgtcgtgaaggcctgtccgcg,G,A,substitution,AACGCGCACGGAAATAACCG
Cgl1436_1113_CAA_del,ACGACCACAAGAATTCCAAAACACCCGTTGACCAGGACAAATCCTCACCAGCGACCAGGGCAGCTAAAGCCACATGGAACGCCACGATGCTGGCTGCATCATTAAACAGACCCTCCGTCTG,CAA,-,deletion,ACCCTCCGTCTGCAAAGTGG
Cgl2342_213_GCA_ins,agaacacatgagctccacgctcgcacgaaaagcttcaggcgacggttccgaaaagaagaagcctggcttgtttagacgtgcgcttcgtttcctcacccacccacctcacaaacaggtagacaacagccttgcggatatccgtgaaggattaggcctcggggtggacgattcccacgaaggatccaaacccagcaacgatcattctttgctgcatgaaaag,-,GCA,insertion,AGAAGAAGTCAATAAGATTA
Cgl1790_1647_TCC_sub,GTGCTCAAATCCGCAACCATTTTCGCTACATCGACCTCGATGTAGTTACGCTCTGGATCTTTCACCAGTGCTTGCTGTACCAACGTAGTTTTACCCGAACCAGCAGGACCCACAAGCATGACATTAGAAATCTCTGGACGCATCAGCGCGGCCATAATCTTATT,GAC,TTA,substitution,GAAGAATCAGAAGGTGGCTA
Cgl1386_327_18to15_sub,atggcgtcaatcgtctttgaaaacgtcacacgcaaatactctccgggcgcacgcccggccgtcgacaagcttaatttggaaatcgccgacggcgagttcctagttctcgttggaccctcaggctgtggaaagtccacttctttgcgcatgctggctggtcttgagcctatcgacgagggacgtctactcattgatggtaaagacgccacggaactgcgtccgcaggatcgtgacatcgctatggtcttccagagctacgcgctgtacccgaatatgactgttcgggacaacatgggctttgcgctgaagaatcagaaggtggctaag,gctgagatcgaaaagcgt,GCGTGGCGCGGTTAA,substitution,GCTTCCCAGGTTACGCGCAG
Cgl0591_-1_Ppgk_promoter_ins,ggcgatgatcggtaaaatcctcggcgcgcagatattgttcttgctgctctaaggtgatttttgggcagtggtgggggtggtgtccacccctgcgcgtaacctgggaagc,-,TTAATCAATACAATTGAATACCGGTGCCAGCGCCACACAATGTGTAGTCAGGCAATCTGGGACA,insertion,GCTGGCGGATTAACACACCG
Cgl0141_cds_del,ATCACAACAGTCCCAATGACCTCAAAATCGGCCCCTTCTAGAATCGCCTCTCAGGGCCTTTGAGCGCTAAATTGGGGCAACAGGTCACTGCGTACAAAGAGGGCCTTAAATCGGCTCACATCAAGTCGTGCCAAAA,CTACATGCGATTCTTGGTGCGCGCAGTGGCAGGAGCGGTCCATGGATCCTCCGGCCACGGGTGTTTGGGGTACCGGCCCCGCATTTCTGCACGGACTTGGCTGTACGGGCCAGACCAGAAACTACGCAGGTCATCGGTAACTGCAAGAGGTCTTCCCGCAGGTGACAGGAGATGAAATTGCACCGGGATTCCGCAGAGCTGCGGGGATTCTTCTAATCCGAAGCATTCTTGTAATTTCACTCGTATAACTGGCCTGCCTGATGAATAATCTAGTCGGTGCTGATTCCCGCTGGGTACGGATAGGTGGGAAGGAGCGAATTCTTCAAAGTTGGTTGCTTCAGGCCAGGGGAGAAGTCGCTGGAGTGCGGGATACATATCGATATTGTTTAGTCGTGTTCCGTGGCTGAGCGCCTCAATTTCTGGAGATAACCACAGGTGCGGGTCCGCAGTTTCAATATCTGGCCAGGGTTCGCCACGGTGTTCGTGGATGAATTTCAGTCGGTCACGCAAGGATGCCGCTTTGTCGGAGAAGTGGAATAGGTCGATTCCGCCTTTGGCAAGGGCTGTGGCGATTGTTTCCGAGGCTTCGGCGGGTGTTGGTTTTGTCGGAGTGGAACTTAATTCGATCGCGCCTGCTGCTTTGACCTTCCGGGCTTGGACTTTTCCGTTGACAAAAATCGCGCGGGTTTCTTCCACGACTCCGATGATGTCTATGGCATCGTCCTCTGAAATGCGGGCGGCGGCGCGGATGATGGCAGAATTTTGTGAGCGGTTAATTGCAGCAACGGAGATCCATTCGGCATCTTTGAGATCTGAATCCATGAGGCGTGCGCGGGTTCCACTGGCTAAAAGGTATTCTCCATTGTCTATTTTTCGGCCGATGAGCTGCGGGAATGCAGCGCCTACGATTTGCCCCGCACTCGCTTTTCCAACCGACGCAGGTGCCAAACGGCGAAGGCGTTCCACTTCACGCTTGTCGGGTTGTTGCTTTTCGACGTCCCCCTGCGGGTTTTCGGACACCACCGCCAAGATTTTTGCGGATTGTTCACCGAAGCGGAGGAGAGAAGCGCTGAGTTGAGGGCAGAGGGGAAGCGTCGATAAGCGATGTCCCAGGCTCGTGATAGCGTCACCTTCAAGCGCGCCGATGAGGCGCAGGATCTGTTGTGCAGCCGTCCAGGCTGCGTGAGGGGGTTGATCAAGAAGCGGTAAATCCGCAGGTGACGTTCCCCATTGGGCGAGCCAGAGGGCTGCTTGGGTGAGGTCAGCGGAGCTGATTTCTGGTGTCACAAATCGTGGGAAGTGGGAGAAGTCTTCTTCGGAATAGCATCTGATTATTTGTCCTGGTCCTTCACGGCCAGCGCGACCTGCGCGTTGGCCTGCTGAAGCCTGCGCGCAACTGCTGGTGATCAGTCCTGTCATGCCGCGGGCAGAGTCTCGTTTGGGGCTTCGTGAGAGGCCGGAATCCACCACGATGCGAACTCCAGGCACAGTTAGGGAGCTTTCCGCAACGGGAGTGGAGACAATGATGCGCTGCTGTTGTGACGGTGCGAGGGCGCGGTCTTGTTCGGTCGGGCTGAGTTGGCCATGAAGTGGGAAAACATTATTATGGCCGAGCGATTTGAGCGTGCTCATTACTCGATCAATTTCACGCACACCTGGGACGAAAATGAGTGCAGAGTGCTCTGAATGTGTCACCGCATCGTGAGTTTTCTGCGCCATGTGGTCGAGGAAATCCCAGTCGACACCTTTTGCATTGAGGCGAGGCGCGCGGGCTGGAGCATAAGAAATGTCTAAGGGGAAAATCGGTGCTTCAACACTAAGGACCTGAGCGTCTAATAAGTTTGCGAATTTATCTGAATCTAAGGTTGCGGACATGGCGATGAGGGAGAAATCGTCGCGCAGTTGACTGAGTTCAGCAAGCATTCCTAGCAGTAGATCGGAATCGAGTTGACGTTCGTGGACTTCATCGATAATCACAGCGCCGATGCCGGGTAATTCTGGGTTGTTTAAGAGCTGGCGGATTAACACACCGGGGGTCATAAATTGCACGTGGGAGCCTGAAATATGTTCACCACGCACGCTGAATCCCACTTTTGTTCCGAGCTGGCTATCATCTAGTTGGGCGAGTCTGCGAGCTGCTGCTCGGACGGCCACACGACGAGGTGCCGTTACTAAAACCTTGGTTGGGGTGGCATTTCCCGCTCCTTCATTACATAAGATGTTAGCTACTAATGGGGGGAGAAGTGTCGTTTTTCCTGTGCCGGGAGGGGCCTGAATGACAAGGTTTTTAGGTCCGGCCGAAAAAGCTTCTTGCAGGTGAGGGATAATATTTTCTACGGGCAGGCCCGTGGAAATGCGATTTATAAGAAAATTGCCAATTCTTGAACTCAT,-,deletion,CGTTCGCTTTTAAGTTTTCT
153019_ecoil_ybeL_ins,ttgttaggagccaccacagacccgtagattcttgggcggtgtggtgaatccttgccctggaaccttgcgggagactctcagaaatgagtcattggggcttggggtgtggtgaaacgcaaacatccgtccccggaccgcggtaaaaggccgattttgatcgaaaattcctgctaatccgacattgaaatacaaatactcgttc,-,ATGAACAAGGTTGCTCAATATTACCGTGAACTGGTTGCGTCACTGAGCGAACGCCTGCGCAATGGCGAACGTGATATCGACGCACTGGTGGAACAGGCGCGCGAGCGCGTAATAAAAACAGGGGAGTTAACGCGAACCGAGGTCGATGAGCTGACGCGAGCTGTCAGACGTGACCTGGAAGAGTTCGCCATGAGCTATGAAGAGAGCCTGAAAGAAGAATCTGACAGCGTCTTTATGCGGGTGATTAAAGAAAGCTTGTGGCAGGAGCTGGCAGACATCACCGATAAAACGCAGCTTGAATGGCGCGAAGTTTTCCAGGACCTCAATCATCATGGGGTTTATCACAGCGGAGAAGTGGTCGGGCTGGGAAATCTGGTCTGCGAGAAATGTCACTTCCATCTCCCGATCTACACACCGGAAGTGCTGACGCTATGCCCGAAATGTGGTCATGACCAGTTCCAGAGACGCCCGTTTGAGCCGTAA,insertion,CGAGAAGTACACCTTCTCCG
Cgl0851_ecoli_pgi_sub,caaacatcaacagttgggaagtagtgaacttcctcttcaacgacggaagcgcaaacgcagcaaccgcgaacatagcagtcgggatcatgcccaacacaccaataagagaagcactaacccctaaatcatcccgaatctcagaaaccagcggagctaaagcagtaatagctgttcgcagattgaacgaggtcaggatgatagcggccagtgctatgaggcgaggattcttcacgcccctgaccctataagcaagcga,ctacctatttgcgcggtaccacttaatcagtgaatcagtggaagaatctcccgagtcaacatcctcttcaccagagacagccggagcgaggtcatttgcctgctgtttgcccagttcaacaccccattggtcgaaggagttgatgtcccaaatcacgccctgaaccatcacgatgtgttcgtacaaagcgatcaacgcaccgagaatagaaggggtaagttcctccgccaaaatggtggtggttgggcgattacctggcatgaccttgtggttgaccagctcaggtgcgacaccttccgcagcgatctcttcagcgttcttaccgaaagccaaaaccttggtctgtgcgaagaagttgctcatcaaaaggtcatgcatggtgcgctcaccggcaggaagatcctgctttggacgagcgaaaccaatgaaatcagctggaacaaggcgagtgccctggtggatcagctggaagaaagcgtgctggccatttgtgccaggctcaccccagtaaatttcgccagtgccagtggaaacaggggagccgtcgcggtggactgacttgccatttgattccatggtcagctgctggaggtaagcagcaaaacggctgagatcctcggaataaggtaggacagcgtgggtttctgcaccatagaaatcggagtaccagacaccgagcagagccatcaagattggaacgttctcttcgaacttggtggtgcggaagtgttcatccatcgcgtggaatccaccgaggaaacgcatgaagtcgcgagggccgatcactgccatgagggaaagaccaactgcggagtccacggagtaacgacctccgacccagtcccagaagccgaacatgttgtccgtgtcgataccgaactctgcgaccttttcagcattggtggacactgcgacgaagtgcttcgcgacagcctcttcaccgagcttctctaccagccaagcacgagctgcacgagcgttggacagcgtctcctgggtggtgaaagttttcgaagcgatcacgaacaatgtggattctgcatcgaggtcttccaacacagaaacgaggtctgctgggtcgacgttggagacgaattctgctgagataccagcggtcgcgtatgcacgcagagccttcgtagccatggctggtccgaggtcagagccaccgataccaatgttgacgatcttcttgatcgtgtggccggtgtgtcccaaccagttgcctgagcgcagcgcagtagcgaagtcacgcatgcgtcccaaaacttcgtggacatcagcagcaacatcttggccatctactgacagatcagcttcggcaggaaggcgcagcgcggtgtggaggacagcgcggtcttcggtgttgttgaggtgttcaccggcaaacatcgcgtcaatgcgttcgcgaaggccagattcttcggtcagtgcaaggagcttggtgagggtggcgtcgtcaagcagattcttcgacaggtcgacgtggaggccagccgcggagaaggtgtacttctcggcgcggttttcttccttgaaaagttcacgcagagtggttgcctggaagtttgagtaatgatcggtcaggtcttgccaaacctgggtggtcgaaatgtccgccat,atgaaaaacatcaatccaacgcagaccgctgcctggcaggcactacagaaacacttcgatgaaatgaaagacgttacgatcgccgatctttttgctaaagacggcgatcgtttttctaagttctccgcaaccttcgacgatcagatgctggtggattactccaaaaaccgcatcactgaagagacgctggcgaaattacaggatctggcgaaagagtgcgatctggcgggcgcgattaagtcgatgttctctggcgagaagatcaaccgcactgaaaaccgcgccgtgctgcacgtagcgctgcgtaaccgtagcaataccccgattttggttgatggcaaagacgtaatgccggaagtcaacgcggtgctggagaagatgaaaaccttctcagaagcgattatttccggtgagtggaaaggttataccggcaaagcaatcactgacgtagtgaacatcgggatcggcggttctgacctcggcccatacatggtgaccgaagctctgcgtccgtacaaaaaccacctgaacatgcactttgtttctaacgtcgatgggactcacatcgcggaagtgctgaaaaaagtaaacccggaaaccacgctgttcttggtagcatctaaaaccttcaccactcaggaaactatgaccaacgcccatagcgcgcgtgactggttcctgaaagcggcaggtgatgaaaaacacgttgcaaaacactttgcggcgctttccaccaatgccaaagccgttggcgagtttggtattgatactgccaacatgttcgagttctgggactgggttggcggccgttactctttgtggtcagcgattggcctgtcgattgttctctccatcggctttgataacttcgttgaactgctttccggcgcacacgcgatggacaagcatttctccaccacgcctgccgagaaaaacctgcctgtactgctggcgctgattggcatctggtacaacaatttctttggtgcggaaactgaagcgattctgccgtatgaccagtatatgcaccgtttcgcggcgtacttccagcagggcaatatggagtccaacggtaagtatgttgaccgtaacggtaacgttgtggattaccagactggcccgattatctggggtgaaccaggcactaacggtcagcacgcgttctaccagctgatccaccagggaaccaaaatggtaccgtgcgatttcatcgctccggctatcacccataacccgctctctgatcatcaccagaaactgctgtctaacttcttcgcccagaccgaagcgctggcgtttggtaaatcccgcgaagtggttgagcaggaatatcgtgatcagggtaaagatccggcaacgcttgactacgtggtgccgttcaaagtattcgaaggtaaccgcccgaccaactccatcctgctgcgtgaaatcactccgttcagcctgggtgcgttgattgcgctgtatgagcacaaaatctttactcagggcgtgatcctgaacatcttcaccttcgaccagtggggcgtggaactgggtaaacagctggcgaaccgtattctgccagagctgaaagatgataaagaaatcagcagccacgatagctcgaccaatggtctgattaaccgctataaagcgtggcgcggttaa,substitution,CGAGAAGTACACCTTCTCCG
