name,seq_altered,type,ref,strand,mutation_pos_index,geneid,region
Cgl0006_1176_G_A_sub,A,substitution,G,plus,6529,BA000036.3,BA000036.3:6529-6530
Cgl1436_1113_CAA_del,,deletion,CAA,plus,1514089,BA000036.3,BA000036.3:1514089-1514092
Cgl2342_213_GCA_ins,GCA,insertion,-,plus,2484874,BA000036.3,BA000036.3:2484874-2484875
Cgl1790_1647_TCC_sub,TTA,substitution,GAC,plus,1899017,BA000036.3,BA000036.3:1899017-1899020
Cgl1386_327_18to15_sub,GCGTGGCGCGGTTAA,substitution,gctgagatcgaaaagcgt,plus,1454441,BA000036.3,BA000036.3:1454441-1454459
Cgl0591_-1_Ppgk_promoter_ins,TTAATCAATACAATTGAATACCGGTGCCAGCGCCACACAATGTGTAGTCAGGCAATCTGGGACA,insertion,-,plus,604469,BA000036.3,BA000036.3:604469-604470
Cgl0141_cds_del,,deletion,CTACATGCGATTCTTGGTGCGCGCAGTGGCAGGAGCGGTCCATGGATCCTCCGGCCACGGGTGTTTGGGGTACCGGCCCCGCATTTCTGCACGGACTTGGCTGTACGGGCCAGACCAGAAACTACGCAGGTCATCGGTAACTGCAAGAGGTCTTCCCGCAGGTGACAGGAGATGAAATTGCACCGGGATTCCGCAGAGCTGCGGGGATTCTTCTAATCCGAAGCATTCTTGTAATTTCACTCGTATAACTGGCCTGCCTGATGAATAATCTAGTCGGTGCTGATTCCCGCTGGGTACGGATAGGTGGGAAGGAGCGAATTCTTCAAAGTTGGTTGCTTCAGGCCAGGGGAGAAGTCGCTGGAGTGCGGGATACATATCGATATTGTTTAGTCGTGTTCCGTGGCTGAGCGCCTCAATTTCTGGAGATAACCACAGGTGCGGGTCCGCAGTTTCAATATCTGGCCAGGGTTCGCCACGGTGTTCGTGGATGAATTTCAGTCGGTCACGCAAGGATGCCGCTTTGTCGGAGAAGTGGAATAGGTCGATTCCGCCTTTGGCAAGGGCTGTGGCGATTGTTTCCGAGGCTTCGGCGGGTGTTGGTTTTGTCGGAGTGGAACTTAATTCGATCGCGCCTGCTGCTTTGACCTTCCGGGCTTGGACTTTTCCGTTGACAAAAATCGCGCGGGTTTCTTCCACGACTCCGATGATGTCTATGGCATCGTCCTCTGAAATGCGGGCGGCGGCGCGGATGATGGCAGAATTTTGTGAGCGGTTAATTGCAGCAACGGAGATCCATTCGGCATCTTTGAGATCTGAATCCATGAGGCGTGCGCGGGTTCCACTGGCTAAAAGGTATTCTCCATTGTCTATTTTTCGGCCGATGAGCTGCGGGAATGCAGCGCCTACGATTTGCCCCGCACTCGCTTTTCCAACCGACGCAGGTGCCAAACGGCGAAGGCGTTCCACTTCACGCTTGTCGGGTTGTTGCTTTTCGACGTCCCCCTGCGGGTTTTCGGACACCACCGCCAAGATTTTTGCGGATTGTTCACCGAAGCGGAGGAGAGAAGCGCTGAGTTGAGGGCAGAGGGGAAGCGTCGATAAGCGATGTCCCAGGCTCGTGATAGCGTCACCTTCAAGCGCGCCGATGAGGCGCAGGATCTGTTGTGCAGCCGTCCAGGCTGCGTGAGGGGGTTGATCAAGAAGCGGTAAATCCGCAGGTGACGTTCCCCATTGGGCGAGCCAGAGGGCTGCTTGGGTGAGGTCAGCGGAGCTGATTTCTGGTGTCACAAATCGTGGGAAGTGGGAGAAGTCTTCTTCGGAATAGCATCTGATTATTTGTCCTGGTCCTTCACGGCCAGCGCGACCTGCGCGTTGGCCTGCTGAAGCCTGCGCGCAACTGCTGGTGATCAGTCCTGTCATGCCGCGGGCAGAGTCTCGTTTGGGGCTTCGTGAGAGGCCGGAATCCACCACGATGCGAACTCCAGGCACAGTTAGGGAGCTTTCCGCAACGGGAGTGGAGACAATGATGCGCTGCTGTTGTGACGGTGCGAGGGCGCGGTCTTGTTCGGTCGGGCTGAGTTGGCCATGAAGTGGGAAAACATTATTATGGCCGAGCGATTTGAGCGTGCTCATTACTCGATCAATTTCACGCACACCTGGGACGAAAATGAGTGCAGAGTGCTCTGAATGTGTCACCGCATCGTGAGTTTTCTGCGCCATGTGGTCGAGGAAATCCCAGTCGACACCTTTTGCATTGAGGCGAGGCGCGCGGGCTGGAGCATAAGAAATGTCTAAGGGGAAAATCGGTGCTTCAACACTAAGGACCTGAGCGTCTAATAAGTTTGCGAATTTATCTGAATCTAAGGTTGCGGACATGGCGATGAGGGAGAAATCGTCGCGCAGTTGACTGAGTTCAGCAAGCATTCCTAGCAGTAGATCGGAATCGAGTTGACGTTCGTGGACTTCATCGATAATCACAGCGCCGATGCCGGGTAATTCTGGGTTGTTTAAGAGCTGGCGGATTAACACACCGGGGGTCATAAATTGCACGTGGGAGCCTGAAATATGTTCACCACGCACGCTGAATCCCACTTTTGTTCCGAGCTGGCTATCATCTAGTTGGGCGAGTCTGCGAGCTGCTGCTCGGACGGCCACACGACGAGGTGCCGTTACTAAAACCTTGGTTGGGGTGGCATTTCCCGCTCCTTCATTACATAAGATGTTAGCTACTAATGGGGGGAGAAGTGTCGTTTTTCCTGTGCCGGGAGGGGCCTGAATGACAAGGTTTTTAGGTCCGGCCGAAAAAGCTTCTTGCAGGTGAGGGATAATATTTTCTACGGGCAGGCCCGTGGAAATGCGATTTATAAGAAAATTGCCAATTCTTGAACTCAT,plus,153222,BA000036.3,BA000036.3:153222-155613
153019_ecoil_ybeL_ins,ATGAACAAGGTTGCTCAATATTACCGTGAACTGGTTGCGTCACTGAGCGAACGCCTGCGCAATGGCGAACGTGATATCGACGCACTGGTGGAACAGGCGCGCGAGCGCGTAATAAAAACAGGGGAGTTAACGCGAACCGAGGTCGATGAGCTGACGCGAGCTGTCAGACGTGACCTGGAAGAGTTCGCCATGAGCTATGAAGAGAGCCTGAAAGAAGAATCTGACAGCGTCTTTATGCGGGTGATTAAAGAAAGCTTGTGGCAGGAGCTGGCAGACATCACCGATAAAACGCAGCTTGAATGGCGCGAAGTTTTCCAGGACCTCAATCATCATGGGGTTTATCACAGCGGAGAAGTGGTCGGGCTGGGAAATCTGGTCTGCGAGAAATGTCACTTCCATCTCCCGATCTACACACCGGAAGTGCTGACGCTATGCCCGAAATGTGGTCATGACCAGTTCCAGAGACGCCCGTTTGAGCCGTAA,insertion,-,plus,153019,BA000036.3,BA000036.3:153019-153020
Cgl0851_ecoli_pgi_sub,atgaaaaacatcaatccaacgcagaccgctgcctggcaggcactacagaaacacttcgatgaaatgaaagacgttacgatcgccgatctttttgctaaagacggcgatcgtttttctaagttctccgcaaccttcgacgatcagatgctggtggattactccaaaaaccgcatcactgaagagacgctggcgaaattacaggatctggcgaaagagtgcgatctggcgggcgcgattaagtcgatgttctctggcgagaagatcaaccgcactgaaaaccgcgccgtgctgcacgtagcgctgcgtaaccgtagcaataccccgattttggttgatggcaaagacgtaatgccggaagtcaacgcggtgctggagaagatgaaaaccttctcagaagcgattatttccggtgagtggaaaggttataccggcaaagcaatcactgacgtagtgaacatcgggatcggcggttctgacctcggcccatacatggtgaccgaagctctgcgtccgtacaaaaaccacctgaacatgcactttgtttctaacgtcgatgggactcacatcgcggaagtgctgaaaaaagtaaacccggaaaccacgctgttcttggtagcatctaaaaccttcaccactcaggaaactatgaccaacgcccatagcgcgcgtgactggttcctgaaagcggcaggtgatgaaaaacacgttgcaaaacactttgcggcgctttccaccaatgccaaagccgttggcgagtttggtattgatactgccaacatgttcgagttctgggactgggttggcggccgttactctttgtggtcagcgattggcctgtcgattgttctctccatcggctttgataacttcgttgaactgctttccggcgcacacgcgatggacaagcatttctccaccacgcctgccgagaaaaacctgcctgtactgctggcgctgattggcatctggtacaacaatttctttggtgcggaaactgaagcgattctgccgtatgaccagtatatgcaccgtttcgcggcgtacttccagcagggcaatatggagtccaacggtaagtatgttgaccgtaacggtaacgttgtggattaccagactggcccgattatctggggtgaaccaggcactaacggtcagcacgcgttctaccagctgatccaccagggaaccaaaatggtaccgtgcgatttcatcgctccggctatcacccataacccgctctctgatcatcaccagaaactgctgtctaacttcttcgcccagaccgaagcgctggcgtttggtaaatcccgcgaagtggttgagcaggaatatcgtgatcagggtaaagatccggcaacgcttgactacgtggtgccgttcaaagtattcgaaggtaaccgcccgaccaactccatcctgctgcgtgaaatcactccgttcagcctgggtgcgttgattgcgctgtatgagcacaaaatctttactcagggcgtgatcctgaacatcttcaccttcgaccagtggggcgtggaactgggtaaacagctggcgaaccgtattctgccagagctgaaagatgataaagaaatcagcagccacgatagctcgaccaatggtctgattaaccgctataaagcgtggcgcggttaa,substitution,ctacctatttgcgcggtaccacttaatcagtgaatcagtggaagaatctcccgagtcaacatcctcttcaccagagacagccggagcgaggtcatttgcctgctgtttgcccagttcaacaccccattggtcgaaggagttgatgtcccaaatcacgccctgaaccatcacgatgtgttcgtacaaagcgatcaacgcaccgagaatagaaggggtaagttcctccgccaaaatggtggtggttgggcgattacctggcatgaccttgtggttgaccagctcaggtgcgacaccttccgcagcgatctcttcagcgttcttaccgaaagccaaaaccttggtctgtgcgaagaagttgctcatcaaaaggtcatgcatggtgcgctcaccggcaggaagatcctgctttggacgagcgaaaccaatgaaatcagctggaacaaggcgagtgccctggtggatcagctggaagaaagcgtgctggccatttgtgccaggctcaccccagtaaatttcgccagtgccagtggaaacaggggagccgtcgcggtggactgacttgccatttgattccatggtcagctgctggaggtaagcagcaaaacggctgagatcctcggaataaggtaggacagcgtgggtttctgcaccatagaaatcggagtaccagacaccgagcagagccatcaagattggaacgttctcttcgaacttggtggtgcggaagtgttcatccatcgcgtggaatccaccgaggaaacgcatgaagtcgcgagggccgatcactgccatgagggaaagaccaactgcggagtccacggagtaacgacctccgacccagtcccagaagccgaacatgttgtccgtgtcgataccgaactctgcgaccttttcagcattggtggacactgcgacgaagtgcttcgcgacagcctcttcaccgagcttctctaccagccaagcacgagctgcacgagcgttggacagcgtctcctgggtggtgaaagttttcgaagcgatcacgaacaatgtggattctgcatcgaggtcttccaacacagaaacgaggtctgctgggtcgacgttggagacgaattctgctgagataccagcggtcgcgtatgcacgcagagccttcgtagccatggctggtccgaggtcagagccaccgataccaatgttgacgatcttcttgatcgtgtggccggtgtgtcccaaccagttgcctgagcgcagcgcagtagcgaagtcacgcatgcgtcccaaaacttcgtggacatcagcagcaacatcttggccatctactgacagatcagcttcggcaggaaggcgcagcgcggtgtggaggacagcgcggtcttcggtgttgttgaggtgttcaccggcaaacatcgcgtcaatgcgttcgcgaaggccagattcttcggtcagtgcaaggagcttggtgagggtggcgtcgtcaagcagattcttcgacaggtcgacgtggaggccagccgcggagaaggtgtacttctcggcgcggttttcttccttgaaaagttcacgcagagtggttgcctggaagtttgagtaatgatcggtcaggtcttgccaaacctgggtggtcgaaatgtccgccat,plus,907755,BA000036.3,BA000036.3:907755-909378
